query,id,timestamp_utc,local_time,user_screen_name,text,possibly_sensitive,retweet_count,like_count,reply_count,lang,to_username,to_userid,to_tweetid,source_name,source_url,user_location,lat,lng,user_id,user_name,user_verified,user_description,user_url,user_image,user_tweets,user_followers,user_friends,user_likes,user_lists,user_created_at,user_timestamp_utc,collected_via,match_query,retweeted_id,retweeted_user,retweeted_user_id,retweeted_timestamp_utc,quoted_id,quoted_user,quoted_user_id,quoted_timestamp_utc,collection_time,url,place_country_code,place_name,place_type,place_coordinates,links,domains,media_urls,media_files,media_types,mentioned_names,mentioned_ids,hashtags,intervention_type,intervention_text,intervention_url
from:@etalab,1442810617358917636,1632827831,2021-09-28T11:17:11,Etalab,"Ces travaux viennent alimenter directement la feuille de route minist√©rielle #data du minist√®re de la transformation et de la fonction publiques (https://bit.ly/3m8fbqW, Actions 41 √† 45) ainsi que la mission relative aux corps techniques lanc√©e le 2/9 par @JeanCASTEX https://twitter.com/Etalab/status/1442810617358917636/photo/1",0,1,4,0,fr,Etalab,311880926,1442807564400529408,Twitter Web App,https://mobile.twitter.com,France,,,311880926,Etalab,1,Service du Premier ministre qui met √† disposition et utilise les donn√©es pour am√©liorer l‚Äôaction publique. L‚Äô√©quipe derri√®re @datagouvfr et @eigforever.,http://www.etalab.gouv.fr,https://pbs.twimg.com/profile_images/1067688380111171584/2ZRwOuxE_normal.jpg,4804,32795,207,1743,1249,2011-06-06T06:47:23,1307342843,scraping,1,,,,,,,,,2021-10-01T07:14:26.919512,https://twitter.com/Etalab/statuses/1442810617358917636,,,,,https://bit.ly/3m8fbqW,bit.ly,https://pbs.twimg.com/media/FAXjAoxXsAENpyT.png,1442810617358917636_FAXjAoxXsAENpyT.png,photo,jeancastex,119081177,data,,,
from:@etalab,1442807564400529408,1632827104,2021-09-28T11:05:04,Etalab,"‚ñ∂Ô∏è des actions amplifiant la mise en r√©seau et son  animation, favorisant la circulation des comp√©tences (üí°exp√©rimentation de 10% du temps agent d√©di√©s √† des projets collectifs) et renfor√ßant les liens entre administrateurs minist√©riels des donn√©es & services statistiques",,1,3,1,fr,Etalab,311880926,1442806113855016962,Twitter Web App,https://mobile.twitter.com,France,,,311880926,Etalab,1,Service du Premier ministre qui met √† disposition et utilise les donn√©es pour am√©liorer l‚Äôaction publique. L‚Äô√©quipe derri√®re @datagouvfr et @eigforever.,http://www.etalab.gouv.fr,https://pbs.twimg.com/profile_images/1067688380111171584/2ZRwOuxE_normal.jpg,4804,32795,207,1743,1249,2011-06-06T06:47:23,1307342843,scraping,1,,,,,,,,,2021-10-01T07:14:26.920005,https://twitter.com/Etalab/statuses/1442807564400529408,,,,,,,,,,,,,,,
from:@etalab,1442806113855016962,1632826758,2021-09-28T10:59:18,Etalab,"‚ñ∂Ô∏è  des actions permettant d'am√©liorer les processus RH : indicateurs de r√©mun√©ration, cr√©ation d'une fonction de r√©f√©rent m√©tier interminist√©riel et d'outils d'√©valuation des comp√©tences (recommandations 4 et 7 notamment)",,1,2,1,fr,Etalab,311880926,1442804891232133125,Twitter Web App,https://mobile.twitter.com,France,,,311880926,Etalab,1,Service du Premier ministre qui met √† disposition et utilise les donn√©es pour am√©liorer l‚Äôaction publique. L‚Äô√©quipe derri√®re @datagouvfr et @eigforever.,http://www.etalab.gouv.fr,https://pbs.twimg.com/profile_images/1067688380111171584/2ZRwOuxE_normal.jpg,4804,32795,207,1743,1249,2011-06-06T06:47:23,1307342843,scraping,1,,,,,,,,,2021-10-01T07:14:26.920350,https://twitter.com/Etalab/statuses/1442806113855016962,,,,,,,,,,,,,,,
from:@etalab,1442804891232133125,1632826466,2021-09-28T10:54:26,Etalab,"12 recommandations sont formul√©es, parmi lesquelles :
‚ñ∂Ô∏è des actions destin√©es √† faciliter le recrutement et la fid√©lisation de ces comp√©tences, tant parmi les fonctionnaires qu'en externe https://twitter.com/Etalab/status/1442804891232133125/photo/1",0,1,4,1,fr,Etalab,311880926,1442803676440154112,Twitter Web App,https://mobile.twitter.com,France,,,311880926,Etalab,1,Service du Premier ministre qui met √† disposition et utilise les donn√©es pour am√©liorer l‚Äôaction publique. L‚Äô√©quipe derri√®re @datagouvfr et @eigforever.,http://www.etalab.gouv.fr,https://pbs.twimg.com/profile_images/1067688380111171584/2ZRwOuxE_normal.jpg,4804,32795,207,1743,1249,2011-06-06T06:47:23,1307342843,scraping,1,,,,,,,,,2021-10-01T07:14:26.920870,https://twitter.com/Etalab/statuses/1442804891232133125,,,,,,,https://pbs.twimg.com/media/FAXfVM5WYAY_OaU.jpg,1442804891232133125_FAXfVM5WYAY_OaU.jpg,photo,,,,,,
from:@etalab,1442803676440154112,1632826177,2021-09-28T10:49:37,Etalab,"üìà Fruit de 80 auditions aupr√®s des principales directions concern√©es (mais hors op√©rateurs), en se concentrant sur 4 m√©tiers, le rapport d√©nombre :
- plus de 2000 experts de la donn√©e, dont 700 hors Insee et SSM, fonctionnaires ou contractuels
- un besoin port√© √† 2400 d'ici 2023 https://twitter.com/Etalab/status/1442803676440154112/photo/1",0,2,3,1,fr,Etalab,311880926,1442799548619968512,Twitter Web App,https://mobile.twitter.com,France,,,311880926,Etalab,1,Service du Premier ministre qui met √† disposition et utilise les donn√©es pour am√©liorer l‚Äôaction publique. L‚Äô√©quipe derri√®re @datagouvfr et @eigforever.,http://www.etalab.gouv.fr,https://pbs.twimg.com/profile_images/1067688380111171584/2ZRwOuxE_normal.jpg,4804,32795,207,1743,1249,2011-06-06T06:47:23,1307342843,scraping,1,,,,,,,,,2021-10-01T07:14:26.921385,https://twitter.com/Etalab/statuses/1442803676440154112,,,,,,,https://pbs.twimg.com/media/FAXeN0kXIAMRS79.jpg,1442803676440154112_FAXeN0kXIAMRS79.jpg,photo,,,,,,
from:@etalab,1442799548619968512,1632825192,2021-09-28T10:33:12,Etalab,"[Fil] Politique de la donn√©e / #comp√©tences

üìÑ Le rapport @_DINUM @InseeFr rendu public hier pr√©sente un panorama in√©dit :
‚ñ∂Ô∏è des expertises #data disponibles dans l‚Äô√âtat, 
‚ñ∂Ô∏è des besoins √† court et moyen terme 
‚ñ∂Ô∏è des actions √† engager pour y faire face

https://www.etalab.gouv.fr/publication-du-rapport-dinum-insee-12-recommandations-pour-dynamiser-la-gestion-et-la-valorisation-des-competences-data https://twitter.com/Etalab/status/1442799548619968512/photo/1",0,19,30,1,fr,,,,Twitter Web App,https://mobile.twitter.com,France,,,311880926,Etalab,1,Service du Premier ministre qui met √† disposition et utilise les donn√©es pour am√©liorer l‚Äôaction publique. L‚Äô√©quipe derri√®re @datagouvfr et @eigforever.,http://www.etalab.gouv.fr,https://pbs.twimg.com/profile_images/1067688380111171584/2ZRwOuxE_normal.jpg,4804,32795,207,1743,1249,2011-06-06T06:47:23,1307342843,scraping,1,,,,,,,,,2021-10-01T07:14:26.921884,https://twitter.com/Etalab/statuses/1442799548619968512,,,,,https://www.etalab.gouv.fr/publication-du-rapport-dinum-insee-12-recommandations-pour-dynamiser-la-gestion-et-la-valorisation-des-competences-data,etalab.gouv.fr,https://pbs.twimg.com/media/FAXaJt_WEAIbyHz.png,1442799548619968512_FAXaJt_WEAIbyHz.png,photo,_dinum|inseefr,4910809053|217473382,comp√©tences|data,,,
from:@etalab,1442507258060025858,1632755505,2021-09-27T15:11:45,Etalab,"üôèMerci √† tous les administrateurs et administratrices minist√©riel(le)s des donn√©es (nomm√©s le 15 mai dernier), qui portent ces politiques et mobilisent les services dans leur minist√®re, et sans qui ce travail n'aurait √©t√© possible https://twitter.com/Etalab/status/1442507258060025858/photo/1",0,11,28,0,fr,Etalab,311880926,1442503261601341444,Twitter Web App,https://mobile.twitter.com,France,,,311880926,Etalab,1,Service du Premier ministre qui met √† disposition et utilise les donn√©es pour am√©liorer l‚Äôaction publique. L‚Äô√©quipe derri√®re @datagouvfr et @eigforever.,http://www.etalab.gouv.fr,https://pbs.twimg.com/profile_images/1067688380111171584/2ZRwOuxE_normal.jpg,4804,32795,207,1743,1249,2011-06-06T06:47:23,1307342843,scraping,1,,,,,,,,,2021-10-01T07:14:26.922494,https://twitter.com/Etalab/statuses/1442507258060025858,,,,,,,https://pbs.twimg.com/media/FATPDEIXIAAnOG7.jpg|https://pbs.twimg.com/media/FATPITXVEAIe_cM.jpg,1442507258060025858_FATPDEIXIAAnOG7.jpg|1442507258060025858_FATPITXVEAIe_cM.jpg,photo|photo,,,,,,
from:@etalab,1442503261601341444,1632754552,2021-09-27T14:55:52,Etalab,"Sur chaque p√©rim√®tre minist√©riel, chacune de ces strat√©gies met en lumi√®re :
‚ú®ce que la donn√©e peut am√©liorer dans les politiques publiques
üéØles actions √† mener 
üóìÔ∏è leur calendrier de r√©alisation et la gouvernance mise en place pour en assurer la mise en ≈ìuvre",,2,7,1,fr,Etalab,311880926,1442501552959275010,Twitter Web App,https://mobile.twitter.com,France,,,311880926,Etalab,1,Service du Premier ministre qui met √† disposition et utilise les donn√©es pour am√©liorer l‚Äôaction publique. L‚Äô√©quipe derri√®re @datagouvfr et @eigforever.,http://www.etalab.gouv.fr,https://pbs.twimg.com/profile_images/1067688380111171584/2ZRwOuxE_normal.jpg,4804,32795,207,1743,1249,2011-06-06T06:47:23,1307342843,scraping,1,,,,,,,,,2021-10-01T07:14:26.922900,https://twitter.com/Etalab/statuses/1442503261601341444,,,,,,,,,,,,,,,
from:@etalab,1442501552959275010,1632754145,2021-09-27T14:49:05,Etalab,"En cinq mois et dans une mobilisation sans pr√©c√©dent, chaque minist√®re a √©labor√© une feuille de route sur deux √† trois ans :
¬´ datagouvfr: Politique de la donn√©e, des algorithmes et des codes sources : sur @datagouvfr, les feuilles de route d√©voil√©es ce matin par @AdeMontchalin  
‚ñ∂Ô∏è Les 15 feuilles de route minist√©rielles : https://www.data.gouv.fr/fr/datasets/politique-publique-de-la-donnee-des-algorithmes-et-des-codes-sources-15-feuilles-de-route-ministerielles/
‚ñ∂Ô∏è La liste compl√®te des 500 actions : https://www.data.gouv.fr/fr/datasets/liste-des-actions-prises-par-les-ministeres-dans-le-cadre-des-feuilles-de-routes-ministerielles/ ‚Äî https://twitter.com/datagouvfr/status/1442500508946554885?s=20 ¬ª",0,2,9,1,fr,Etalab,311880926,1442497913729556483,Twitter Web App,https://mobile.twitter.com,France,,,311880926,Etalab,1,Service du Premier ministre qui met √† disposition et utilise les donn√©es pour am√©liorer l‚Äôaction publique. L‚Äô√©quipe derri√®re @datagouvfr et @eigforever.,http://www.etalab.gouv.fr,https://pbs.twimg.com/profile_images/1067688380111171584/2ZRwOuxE_normal.jpg,4804,32795,207,1743,1249,2011-06-06T06:47:23,1307342843,scraping,1,,,,,1442500508946554885,datagouvfr,268227446,1632753896,2021-10-01T07:14:26.923845,https://twitter.com/Etalab/statuses/1442501552959275010,,,,,https://twitter.com/datagouvfr/status/1442500508946554885|https://www.data.gouv.fr/fr/datasets/liste-des-actions-prises-par-les-ministeres-dans-le-cadre-des-feuilles-de-routes-ministerielles/|https://www.data.gouv.fr/fr/datasets/politique-publique-de-la-donnee-des-algorithmes-et-des-codes-sources-15-feuilles-de-route-ministerielles/,twitter.com|data.gouv.fr|data.gouv.fr,,,,ademontchalin|datagouvfr,800435764966215680|268227446,,,,
from:@etalab,1442497913729556483,1632753277,2021-09-27T14:34:37,Etalab,"[Fil] Politique de la donn√©e, des algorithmes et des codes sources : 15 strat√©gies minist√©rielles & 500 actions pr acc√©l√©rerüöÄ
Ce matin, @AdeMontchalin a d√©voil√© @IGNFrance en pr√©sence des Administrateurs minist√©riels des donn√©es les 15 feuilles de route 
https://www.etalab.gouv.fr/politique-de-la-donnee-des-algorithmes-et-des-codes-sources-15-strategies-ministerielles-et-500-actions-pour-accelerer https://twitter.com/Etalab/status/1442497913729556483/photo/1",0,30,72,4,fr,,,,Twitter Web App,https://mobile.twitter.com,France,,,311880926,Etalab,1,Service du Premier ministre qui met √† disposition et utilise les donn√©es pour am√©liorer l‚Äôaction publique. L‚Äô√©quipe derri√®re @datagouvfr et @eigforever.,http://www.etalab.gouv.fr,https://pbs.twimg.com/profile_images/1067688380111171584/2ZRwOuxE_normal.jpg,4804,32795,207,1743,1249,2011-06-06T06:47:23,1307342843,scraping,1,,,,,,,,,2021-10-01T07:14:26.924351,https://twitter.com/Etalab/statuses/1442497913729556483,,,,,https://www.etalab.gouv.fr/politique-de-la-donnee-des-algorithmes-et-des-codes-sources-15-strategies-ministerielles-et-500-actions-pour-accelerer,etalab.gouv.fr,https://pbs.twimg.com/media/FATHGvVXMAERDUa.jpg,1442497913729556483_FATHGvVXMAERDUa.jpg,photo,ademontchalin|ignfrance,800435764966215680|57276576,,,,
from:@etalab,1435620313006546956,1631113529,2021-09-08T15:05:29,Etalab,"Mettre la recherche en IA au service de la transformation publique, c'est l'objectif de l'accompagnement recherche du Lab IA. 

D√©couvrez l'appel √† projets : https://www.etalab.gouv.fr/administrations-candidatez-a-laccompagnement-recherche-du-lab-ia

Deadline au 9 octobre.",0,12,17,0,fr,,,,Twitter Web App,https://mobile.twitter.com,France,,,311880926,Etalab,1,Service du Premier ministre qui met √† disposition et utilise les donn√©es pour am√©liorer l‚Äôaction publique. L‚Äô√©quipe derri√®re @datagouvfr et @eigforever.,http://www.etalab.gouv.fr,https://pbs.twimg.com/profile_images/1067688380111171584/2ZRwOuxE_normal.jpg,4804,32795,207,1743,1249,2011-06-06T06:47:23,1307342843,scraping,1,,,,,,,,,2021-10-01T07:14:26.924734,https://twitter.com/Etalab/statuses/1435620313006546956,,,,,https://www.etalab.gouv.fr/administrations-candidatez-a-laccompagnement-recherche-du-lab-ia,etalab.gouv.fr,,,,,,,,,
from:@etalab,1423301141690036227,1628176410,2021-08-05T15:13:30,Etalab,#OpenData #OpenSource,,11,12,0,und,,,,Twitter Web App,https://mobile.twitter.com,France,,,311880926,Etalab,1,Service du Premier ministre qui met √† disposition et utilise les donn√©es pour am√©liorer l‚Äôaction publique. L‚Äô√©quipe derri√®re @datagouvfr et @eigforever.,http://www.etalab.gouv.fr,https://pbs.twimg.com/profile_images/1067688380111171584/2ZRwOuxE_normal.jpg,4804,32795,207,1743,1249,2011-06-06T06:47:23,1307342843,scraping,1,,,,,1423300730677571586,datagouvfr,268227446,1628176312,2021-10-01T07:14:26.925667,https://twitter.com/Etalab/statuses/1423301141690036227,,,,,http://ouverture.data.gouv.fr|https://ouverture.data.gouv.fr,ouverture.data.gouv.fr|ouverture.data.gouv.fr,https://pbs.twimg.com/media/E8CUYC8WEAAEyBg.jpg,1423300730677571586_E8CUYC8WEAAEyBg.jpg,photo,,,opendata|opensource,,,
from:@etalab,1419685315799879686,1627314330,2021-07-26T15:45:30,Etalab,"üéâLa promotion 5 d'Entrepreneurs d'Int√©r√™t G√©n√©ral est constitu√©e !

D√©couvrez les 39 talents du num√©rique qui int√©greront l'administration en septembre. 

Profils des EIG, d√©fis √† relever et chiffres de la promo, tout est l√†üëâhttps://www.etalab.gouv.fr/entrepreneurs-dinteret-general-laureats-et-defis-de-la-5eme-promotion

cc @eigforever @_DINUM https://twitter.com/Etalab/status/1419685315799879686/photo/1",0,16,36,1,fr,,,,Twitter Web App,https://mobile.twitter.com,France,,,311880926,Etalab,1,Service du Premier ministre qui met √† disposition et utilise les donn√©es pour am√©liorer l‚Äôaction publique. L‚Äô√©quipe derri√®re @datagouvfr et @eigforever.,http://www.etalab.gouv.fr,https://pbs.twimg.com/profile_images/1067688380111171584/2ZRwOuxE_normal.jpg,4804,32795,207,1743,1249,2011-06-06T06:47:23,1307342843,scraping,1,,,,,,,,,2021-10-01T07:14:26.926224,https://twitter.com/Etalab/statuses/1419685315799879686,,,,,https://www.etalab.gouv.fr/entrepreneurs-dinteret-general-laureats-et-defis-de-la-5eme-promotion,etalab.gouv.fr,https://pbs.twimg.com/media/E7O8ISHXoAEdGz9.jpg,1419685315799879686_E7O8ISHXoAEdGz9.jpg,photo,_dinum|eigforever,4910809053|959462629407379456,,,,
from:@etalab,1417144265273188354,1626708496,2021-07-19T15:28:16,Etalab,"[#DemoDay virtuel] Voici ce que la promotion Entrepreneurs d'Int√©r√™t G√©n√©ral 4 a r√©alis√© en 10 mois !

D√©couvrez leur d√©marche et testez leurs outilsüëâhttps://www.etalab.gouv.fr/decouvrez-les-realisations-de-la-promotion-4-du-programme-entrepreneurs-dinteret-general https://twitter.com/Etalab/status/1417144265273188354/photo/1",0,5,4,0,fr,,,,Twitter Web App,https://mobile.twitter.com,France,,,311880926,Etalab,1,Service du Premier ministre qui met √† disposition et utilise les donn√©es pour am√©liorer l‚Äôaction publique. L‚Äô√©quipe derri√®re @datagouvfr et @eigforever.,http://www.etalab.gouv.fr,https://pbs.twimg.com/profile_images/1067688380111171584/2ZRwOuxE_normal.jpg,4804,32795,207,1743,1249,2011-06-06T06:47:23,1307342843,scraping,1,,,,,,,,,2021-10-01T07:14:26.926819,https://twitter.com/Etalab/statuses/1417144265273188354,,,,,https://www.etalab.gouv.fr/decouvrez-les-realisations-de-la-promotion-4-du-programme-entrepreneurs-dinteret-general,etalab.gouv.fr,https://pbs.twimg.com/media/E6q0M3uXoAweIg9.jpg,1417144265273188354_E6q0M3uXoAweIg9.jpg,photo,,,demoday,,,
from:@etalab,1415606017950367746,1626341750,2021-07-15T09:35:50,Etalab,"@QuadrantConseil @emile_marzolf Hi, thank you for the shoutout! We plan to release insights in English soon (around September).",,0,1,0,en,QuadrantConseil,914024138687344640,1415581872730558465,Twitter Web App,https://mobile.twitter.com,France,,,311880926,Etalab,1,Service du Premier ministre qui met √† disposition et utilise les donn√©es pour am√©liorer l‚Äôaction publique. L‚Äô√©quipe derri√®re @datagouvfr et @eigforever.,http://www.etalab.gouv.fr,https://pbs.twimg.com/profile_images/1067688380111171584/2ZRwOuxE_normal.jpg,4804,32795,207,1743,1249,2011-06-06T06:47:23,1307342843,scraping,1,,,,,,,,,2021-10-01T07:14:26.927281,https://twitter.com/Etalab/statuses/1415606017950367746,,,,,,,,,,emile_marzolf|quadrantconseil,3579836002|914024138687344640,,,,
from:@etalab,1415605812937043971,1626341701,2021-07-15T09:35:01,Etalab,"6/n We want to thank everyone who took part in this study, especially those who accepted to be interviewed! Insights in English to come soon.

Merci √† toutes les personnes qui ont accept√© de r√©aliser des entretiens √† cette occasion ! Une synth√®se en anglais est √† venir.",,0,2,0,fr,Etalab,311880926,1415605811041210368,Twitter Web App,https://mobile.twitter.com,France,,,311880926,Etalab,1,Service du Premier ministre qui met √† disposition et utilise les donn√©es pour am√©liorer l‚Äôaction publique. L‚Äô√©quipe derri√®re @datagouvfr et @eigforever.,http://www.etalab.gouv.fr,https://pbs.twimg.com/profile_images/1067688380111171584/2ZRwOuxE_normal.jpg,4804,32795,207,1743,1249,2011-06-06T06:47:23,1307342843,scraping,1,,,,,,,,,2021-10-01T07:14:26.927846,https://twitter.com/Etalab/statuses/1415605812937043971,,,,,,,,,,,,,,,
from:@etalab,1415605811041210368,1626341700,2021-07-15T09:35:00,Etalab,"5/n En bonus, retrouvez le webinaire de lancement avec les t√©moignages de @ElodieQuzel (Signaux Faibles), @hubertguillaud (@InternetActu) et @MrDeshaies (@sct_canada)

üëâ https://www.dailymotion.com/video/x82n2og https://twitter.com/Etalab/status/1415605811041210368/photo/1",0,0,3,1,fr,Etalab,311880926,1415605805064331264,Twitter Web App,https://mobile.twitter.com,France,,,311880926,Etalab,1,Service du Premier ministre qui met √† disposition et utilise les donn√©es pour am√©liorer l‚Äôaction publique. L‚Äô√©quipe derri√®re @datagouvfr et @eigforever.,http://www.etalab.gouv.fr,https://pbs.twimg.com/profile_images/1067688380111171584/2ZRwOuxE_normal.jpg,4804,32795,207,1743,1249,2011-06-06T06:47:23,1307342843,scraping,1,,,,,,,,,2021-10-01T07:14:26.928476,https://twitter.com/Etalab/statuses/1415605811041210368,,,,,https://www.dailymotion.com/video/x82n2og,dailymotion.com,https://pbs.twimg.com/media/E6U9K7YXIAI00rg.jpg,1415605811041210368_E6U9K7YXIAI00rg.jpg,photo,elodiequzel|hubertguillaud|internetactu|mrdeshaies|sct_canada,2199596635|621073|13046422|1151113494529548288|429085231,,,,
from:@etalab,1415605805064331264,1626341699,2021-07-15T09:34:59,Etalab,"4/n 2 questions discut√©es dans l'√©tude: 
1Ô∏è‚É£ Qui utilise ces outils ? Pour quels usages ?
2Ô∏è‚É£ Qui √©value les impacts ?",,0,2,1,fr,Etalab,311880926,1415605803436986369,Twitter Web App,https://mobile.twitter.com,France,,,311880926,Etalab,1,Service du Premier ministre qui met √† disposition et utilise les donn√©es pour am√©liorer l‚Äôaction publique. L‚Äô√©quipe derri√®re @datagouvfr et @eigforever.,http://www.etalab.gouv.fr,https://pbs.twimg.com/profile_images/1067688380111171584/2ZRwOuxE_normal.jpg,4804,32795,207,1743,1249,2011-06-06T06:47:23,1307342843,scraping,1,,,,,,,,,2021-10-01T07:14:26.928762,https://twitter.com/Etalab/statuses/1415605805064331264,,,,,,,,,,,,,,,
from:@etalab,1415605803436986369,1626341698,2021-07-15T09:34:58,Etalab,"3/n Des outils aux formes vari√©es: cadre de bonnes pratiques, liste de questions, matrice de risques, calcul de risques... https://twitter.com/Etalab/status/1415605803436986369/photo/1",0,1,3,1,fr,Etalab,311880926,1415605800962297856,Twitter Web App,https://mobile.twitter.com,France,,,311880926,Etalab,1,Service du Premier ministre qui met √† disposition et utilise les donn√©es pour am√©liorer l‚Äôaction publique. L‚Äô√©quipe derri√®re @datagouvfr et @eigforever.,http://www.etalab.gouv.fr,https://pbs.twimg.com/profile_images/1067688380111171584/2ZRwOuxE_normal.jpg,4804,32795,207,1743,1249,2011-06-06T06:47:23,1307342843,scraping,1,,,,,,,,,2021-10-01T07:14:26.929209,https://twitter.com/Etalab/statuses/1415605803436986369,,,,,,,https://pbs.twimg.com/media/E6U82yCWYAEXW3B.jpg,1415605803436986369_E6U82yCWYAEXW3B.jpg,photo,,,,,,
from:@etalab,1415605800962297856,1626341698,2021-07-15T09:34:58,Etalab,2/n L‚Äô√©tude inclut 7 outils d√©velopp√©s notamment par @Stats_NZ  @SCT_Canada  @GDSTeam  @AINowInstitute https://twitter.com/Etalab/status/1415605800962297856/photo/1,0,0,4,1,fr,Etalab,311880926,1415605798735069184,Twitter Web App,https://mobile.twitter.com,France,,,311880926,Etalab,1,Service du Premier ministre qui met √† disposition et utilise les donn√©es pour am√©liorer l‚Äôaction publique. L‚Äô√©quipe derri√®re @datagouvfr et @eigforever.,http://www.etalab.gouv.fr,https://pbs.twimg.com/profile_images/1067688380111171584/2ZRwOuxE_normal.jpg,4804,32795,207,1743,1249,2011-06-06T06:47:23,1307342843,scraping,1,,,,,,,,,2021-10-01T07:14:26.929670,https://twitter.com/Etalab/statuses/1415605800962297856,,,,,,,https://pbs.twimg.com/media/E6U8j2VWUAIba7p.jpg,1415605800962297856_E6U8j2VWUAIba7p.jpg,photo,ainowinstitute|gdsteam|sct_canada|stats_nz,840618056678293504|268349503|429085231|56802117,,,,
from:@etalab,1415605798735069184,1626341697,2021-07-15T09:34:57,Etalab,"1/n [Fil] Publication d‚Äôune √©tude internationale sur les outils d‚Äô√©valuation d‚Äôimpact algorithmique, r√©alis√©e par @el_lehagre √† notre demande.

‚û°Ô∏è https://www.etalab.gouv.fr/evaluer-les-impacts-des-algorithmes-publication-dune-etude-internationale-realisee-a-la-demande-detalab

#algorithmes #ia @ReVe6el",0,10,21,2,fr,,,,Twitter Web App,https://mobile.twitter.com,France,,,311880926,Etalab,1,Service du Premier ministre qui met √† disposition et utilise les donn√©es pour am√©liorer l‚Äôaction publique. L‚Äô√©quipe derri√®re @datagouvfr et @eigforever.,http://www.etalab.gouv.fr,https://pbs.twimg.com/profile_images/1067688380111171584/2ZRwOuxE_normal.jpg,4804,32795,207,1743,1249,2011-06-06T06:47:23,1307342843,scraping,1,,,,,,,,,2021-10-01T07:14:27.370363,https://twitter.com/Etalab/statuses/1415605798735069184,,,,,https://www.etalab.gouv.fr/evaluer-les-impacts-des-algorithmes-publication-dune-etude-internationale-realisee-a-la-demande-detalab,etalab.gouv.fr,,,,el_lehagre|reve6el,1339491930|1085917098029793280,algorithmes|ia,,,
from:@etalab,1414999850370965512,1626197228,2021-07-13T17:27:08,Etalab,Et n'h√©sitez pas √† partager vos souvenirs des 10 ans pass√©s et vos d√©fis pour les 10 ans √† venir #10ansEtalab https://twitter.com/Etalab/status/1414999850370965512/photo/1,0,1,5,1,fr,Etalab,311880926,1414999837637070850,Twitter Web App,https://mobile.twitter.com,France,,,311880926,Etalab,1,Service du Premier ministre qui met √† disposition et utilise les donn√©es pour am√©liorer l‚Äôaction publique. L‚Äô√©quipe derri√®re @datagouvfr et @eigforever.,http://www.etalab.gouv.fr,https://pbs.twimg.com/profile_images/1067688380111171584/2ZRwOuxE_normal.jpg,4804,32795,207,1743,1249,2011-06-06T06:47:23,1307342843,scraping,1,,,,,,,,,2021-10-01T07:14:27.371192,https://twitter.com/Etalab/statuses/1414999850370965512,,,,,,,https://pbs.twimg.com/media/E6MWjCqX0AohnZx.jpg|https://pbs.twimg.com/media/E6MWm2ZWUAYu2yx.jpg,1414999850370965512_E6MWjCqX0AohnZx.jpg|1414999850370965512_E6MWm2ZWUAYu2yx.jpg,photo|photo,,,10ansetalab,,,
from:@etalab,1414999837637070850,1626197225,2021-07-13T17:27:05,Etalab,Poke @la_fing @RegardsCitoyens @SMCFrance @opendata_fr et √† tout l'√©cosyst√®me de l'open data ! https://twitter.com/Etalab/status/1414999837637070850/photo/1,0,4,5,1,fr,Etalab,311880926,1414999823586144257,Twitter Web App,https://mobile.twitter.com,France,,,311880926,Etalab,1,Service du Premier ministre qui met √† disposition et utilise les donn√©es pour am√©liorer l‚Äôaction publique. L‚Äô√©quipe derri√®re @datagouvfr et @eigforever.,http://www.etalab.gouv.fr,https://pbs.twimg.com/profile_images/1067688380111171584/2ZRwOuxE_normal.jpg,4804,32795,207,1743,1249,2011-06-06T06:47:23,1307342843,scraping,1,,,,,,,,,2021-10-01T07:14:27.371856,https://twitter.com/Etalab/statuses/1414999837637070850,,,,,,,https://pbs.twimg.com/media/E6MWd_iX0AUto53.jpg|https://pbs.twimg.com/media/E6MWgBVX0AU2ZeT.jpg,1414999837637070850_E6MWd_iX0AUto53.jpg|1414999837637070850_E6MWgBVX0AU2ZeT.jpg,photo|photo,la_fing|opendata_fr|regardscitoyens|smcfrance,75162930|2929665105|69424452|17212704,,,,
from:@etalab,1414999823586144257,1626197222,2021-07-13T17:27:02,Etalab,"üöÄEmbarquement imm√©diat pour un voyage dans le temps !

Revivez le tournant de l‚Äô#opendata avec le r√©sum√© dessin√© de notre √©v√©nement R√©trofutur #10ansEtalab 

D√©roulez bien le fil ‚¨áÔ∏è https://twitter.com/Etalab/status/1414999823586144257/photo/1",0,16,23,2,fr,,,,Twitter Web App,https://mobile.twitter.com,France,,,311880926,Etalab,1,Service du Premier ministre qui met √† disposition et utilise les donn√©es pour am√©liorer l‚Äôaction publique. L‚Äô√©quipe derri√®re @datagouvfr et @eigforever.,http://www.etalab.gouv.fr,https://pbs.twimg.com/profile_images/1067688380111171584/2ZRwOuxE_normal.jpg,4804,32795,207,1743,1249,2011-06-06T06:47:23,1307342843,scraping,1,,,,,,,,,2021-10-01T07:14:27.372762,https://twitter.com/Etalab/statuses/1414999823586144257,,,,,,,https://pbs.twimg.com/media/E6MWVlfWQAUcrF-.jpg|https://pbs.twimg.com/media/E6MWX0OWQAYri42.jpg|https://pbs.twimg.com/media/E6MWafEXoAAdYbo.jpg,1414999823586144257_E6MWVlfWQAUcrF-.jpg|1414999823586144257_E6MWX0OWQAYri42.jpg|1414999823586144257_E6MWafEXoAAdYbo.jpg,photo|photo|photo,,,10ansetalab|opendata,,,
from:@etalab,1413528292422991875,1625846381,2021-07-09T15:59:41,Etalab,"#10ansEtalab Souvenir le plus marquant avec Etalab ? D√©fi pour l‚Äôavenir des donn√©es publiques ? Donn√©es qui changent la vie des Fran√ßais ?
 
üé•Anne Duclos-Grisier, @sorianotech, @GuillaumeRozier, @Mathilde_Hg et @laurelucchesi en parlent.

La playlist : https://www.dailymotion.com/playlist/x73jef",0,0,9,0,fr,,,,Twitter Web App,https://mobile.twitter.com,France,,,311880926,Etalab,1,Service du Premier ministre qui met √† disposition et utilise les donn√©es pour am√©liorer l‚Äôaction publique. L‚Äô√©quipe derri√®re @datagouvfr et @eigforever.,http://www.etalab.gouv.fr,https://pbs.twimg.com/profile_images/1067688380111171584/2ZRwOuxE_normal.jpg,4804,32795,207,1743,1249,2011-06-06T06:47:23,1307342843,scraping,1,,,,,,,,,2021-10-01T07:14:27.373184,https://twitter.com/Etalab/statuses/1413528292422991875,,,,,https://www.dailymotion.com/playlist/x73jef,dailymotion.com,,,,guillaumerozier|laurelucchesi|mathilde_hg|sorianotech,193579986|71759599|1085576172644253704|4159389322,10ansetalab,,,
from:@etalab,1413399362814754817,1625815642,2021-07-09T07:27:22,Etalab,"¬´ Etalab c‚Äôest √† la fois une aventure collective et des trajectoires individuelles qui ont port√© avec force, conviction, engagement une certaine vision du service public et des valeurs communes. ¬ª @laurelucchesi
 
üíªPartagez vos souvenirs et votre vision avec #10ansEtalab ! https://twitter.com/Etalab/status/1413399362814754817/video/1",0,3,22,0,fr,,,,Twitter Web App,https://mobile.twitter.com,France,,,311880926,Etalab,1,Service du Premier ministre qui met √† disposition et utilise les donn√©es pour am√©liorer l‚Äôaction publique. L‚Äô√©quipe derri√®re @datagouvfr et @eigforever.,http://www.etalab.gouv.fr,https://pbs.twimg.com/profile_images/1067688380111171584/2ZRwOuxE_normal.jpg,4804,32795,207,1743,1249,2011-06-06T06:47:23,1307342843,scraping,1,,,,,,,,,2021-10-01T07:14:27.373692,https://twitter.com/Etalab/statuses/1413399362814754817,,,,,,,https://video.twimg.com/ext_tw_video/1413398996006195201/pu/vid/720x720/hzY-jRHeIRY7Doyv.mp4,1413399362814754817_hzY-jRHeIRY7Doyv.mp4,video,laurelucchesi,71759599,10ansetalab,,,
from:@etalab,1413159422889705473,1625758436,2021-07-08T15:33:56,Etalab,"¬´ La richesse d‚ÄôEtalab c‚Äôest son √©quipe pluridisciplinaire : sp√©cialistes en technique, en questions juridiques, en politiques publiques. Tous les jours, ils √©changent et apprennent des autres. ¬ª #10ansEtalab

Cet √©tat d‚Äôesprit vous parle ? On recrute !
üëâhttps://www.etalab.gouv.fr/nous-rejoindre https://twitter.com/Etalab/status/1413159422889705473/video/1",0,4,28,0,fr,,,,Twitter Web App,https://mobile.twitter.com,France,,,311880926,Etalab,1,Service du Premier ministre qui met √† disposition et utilise les donn√©es pour am√©liorer l‚Äôaction publique. L‚Äô√©quipe derri√®re @datagouvfr et @eigforever.,http://www.etalab.gouv.fr,https://pbs.twimg.com/profile_images/1067688380111171584/2ZRwOuxE_normal.jpg,4804,32795,207,1743,1249,2011-06-06T06:47:23,1307342843,scraping,1,,,,,,,,,2021-10-01T07:14:27.374306,https://twitter.com/Etalab/statuses/1413159422889705473,,,,,https://www.etalab.gouv.fr/nous-rejoindre,etalab.gouv.fr,https://video.twimg.com/ext_tw_video/1413156533140066304/pu/vid/720x720/Ebtr__WcEyuxnrTi.mp4,1413159422889705473_Ebtr__WcEyuxnrTi.mp4,video,,,10ansetalab,,,
from:@etalab,1413057035940343808,1625734025,2021-07-08T08:47:05,Etalab,"Au sein du Lab IA d'Etalab, nous accompagnons les administrations publiques pour utiliser et d√©velopper l'intelligence artificielle et √™tre plus efficaces dans leur action. On recrute notre lead data scientist.

D√©couvrez l'offre : https://www.etalab.gouv.fr/le-lab-ia-recrute-sa-ou-son-lead-data-scientist 

Rejoignez nous ! https://twitter.com/Etalab/status/1413057035940343808/photo/1",0,18,15,1,fr,,,,Twitter Web App,https://mobile.twitter.com,France,,,311880926,Etalab,1,Service du Premier ministre qui met √† disposition et utilise les donn√©es pour am√©liorer l‚Äôaction publique. L‚Äô√©quipe derri√®re @datagouvfr et @eigforever.,http://www.etalab.gouv.fr,https://pbs.twimg.com/profile_images/1067688380111171584/2ZRwOuxE_normal.jpg,4804,32795,207,1743,1249,2011-06-06T06:47:23,1307342843,scraping,1,,,,,,,,,2021-10-01T07:14:27.375107,https://twitter.com/Etalab/statuses/1413057035940343808,,,,,https://www.etalab.gouv.fr/le-lab-ia-recrute-sa-ou-son-lead-data-scientist,etalab.gouv.fr,https://pbs.twimg.com/media/E5wuQ1kXIAYz5oP.png,1413057035940343808_E5wuQ1kXIAYz5oP.png,photo,,,,,,
from:@etalab,1412811302121189381,1625675437,2021-07-07T16:30:37,Etalab,"Sans #opendata pas de @covidtracker_fr ! #10ansEtalab

¬´ C‚Äôest Etalab et http://data.gouv.fr qui m‚Äôont permis de choisir mes √©tudes et faire mon m√©tier de data scientist. ¬ª

¬´ La publication des donn√©es du Covid19 m‚Äôa permis de cr√©er le site, ¬ª raconte @GuillaumeRozier https://twitter.com/Etalab/status/1412811302121189381/video/1",0,31,66,0,fr,,,,Twitter Web App,https://mobile.twitter.com,France,,,311880926,Etalab,1,Service du Premier ministre qui met √† disposition et utilise les donn√©es pour am√©liorer l‚Äôaction publique. L‚Äô√©quipe derri√®re @datagouvfr et @eigforever.,http://www.etalab.gouv.fr,https://pbs.twimg.com/profile_images/1067688380111171584/2ZRwOuxE_normal.jpg,4804,32795,207,1743,1249,2011-06-06T06:47:23,1307342843,scraping,1,,,,,,,,,2021-10-01T07:14:27.375663,https://twitter.com/Etalab/statuses/1412811302121189381,,,,,http://data.gouv.fr,data.gouv.fr,https://video.twimg.com/ext_tw_video/1412809131086467073/pu/vid/720x720/18BnN117EbEEZTyk.mp4,1412811302121189381_18BnN117EbEEZTyk.mp4,video,covidtracker_fr|guillaumerozier,1250500127254609924|193579986,10ansetalab|opendata,,,
from:@etalab,1412686884539674625,1625645774,2021-07-07T08:16:14,Etalab,"Une version en anglais sera bient√¥t disponible.

Vous pouvez √©galement retrouver toutes les ressources sur les obligations des administrations vis-√†-vis des algorithmes sur http://guides.etalab.gouv.fr/algorithmes 6/6",0,0,2,0,fr,Etalab,311880926,1412686880542441473,Twitter Web App,https://mobile.twitter.com,France,,,311880926,Etalab,1,Service du Premier ministre qui met √† disposition et utilise les donn√©es pour am√©liorer l‚Äôaction publique. L‚Äô√©quipe derri√®re @datagouvfr et @eigforever.,http://www.etalab.gouv.fr,https://pbs.twimg.com/profile_images/1067688380111171584/2ZRwOuxE_normal.jpg,4804,32795,207,1743,1249,2011-06-06T06:47:23,1307342843,scraping,1,,,,,,,,,2021-10-01T07:14:27.376141,https://twitter.com/Etalab/statuses/1412686884539674625,,,,,http://guides.etalab.gouv.fr/algorithmes,guides.etalab.gouv.fr,,,,,,,,,
from:@etalab,1412686880542441473,1625645773,2021-07-07T08:16:13,Etalab,"Enfin, les r√©sultats d‚Äôune enqu√™te anonyme sur les imaginaires autour des algorithmes publics, dont les donn√©es brutes sont disponibles sur http://data.gouv.fr 

https://www.data.gouv.fr/fr/datasets/resultats-du-questionnaire-sur-limaginaire-autour-des-algorithmes-mene-par-etalab-entre-decembre-2020-et-janvier-2021-1/
5/6",0,0,0,1,fr,Etalab,311880926,1412686877736513541,Twitter Web App,https://mobile.twitter.com,France,,,311880926,Etalab,1,Service du Premier ministre qui met √† disposition et utilise les donn√©es pour am√©liorer l‚Äôaction publique. L‚Äô√©quipe derri√®re @datagouvfr et @eigforever.,http://www.etalab.gouv.fr,https://pbs.twimg.com/profile_images/1067688380111171584/2ZRwOuxE_normal.jpg,4804,32795,207,1743,1249,2011-06-06T06:47:23,1307342843,scraping,1,,,,,,,,,2021-10-01T07:14:27.376621,https://twitter.com/Etalab/statuses/1412686880542441473,,,,,http://data.gouv.fr|https://www.data.gouv.fr/fr/datasets/resultats-du-questionnaire-sur-limaginaire-autour-des-algorithmes-mene-par-etalab-entre-decembre-2020-et-janvier-2021-1/,data.gouv.fr|data.gouv.fr,,,,,,,,,
from:@etalab,1412686877736513541,1625645772,2021-07-07T08:16:12,Etalab,"2) L'Algora, un kit ludique pour dialoguer autour d‚Äôalgorithmes avant, pendant ou apr√®s leur impl√©mentation, √† destination des agents publics et de la soci√©t√© civile. üë•

Tous retours bienvenus, le kit est en version alpha ! 4/6 https://twitter.com/Etalab/status/1412686877736513541/photo/1",0,1,1,1,fr,Etalab,311880926,1412686871214313474,Twitter Web App,https://mobile.twitter.com,France,,,311880926,Etalab,1,Service du Premier ministre qui met √† disposition et utilise les donn√©es pour am√©liorer l‚Äôaction publique. L‚Äô√©quipe derri√®re @datagouvfr et @eigforever.,http://www.etalab.gouv.fr,https://pbs.twimg.com/profile_images/1067688380111171584/2ZRwOuxE_normal.jpg,4804,32795,207,1743,1249,2011-06-06T06:47:23,1307342843,scraping,1,,,,,,,,,2021-10-01T07:14:27.377088,https://twitter.com/Etalab/statuses/1412686877736513541,,,,,,,https://pbs.twimg.com/media/E5rczqgXEAIK5E-.jpg,1412686877736513541_E5rczqgXEAIK5E-.jpg,photo,,,,,,
from:@etalab,1412686871214313474,1625645771,2021-07-07T08:16:11,Etalab,"Sur le site, vous d√©couvrirez :
1) 6 sc√©narios de design fiction et un des ressources d‚Äôanimation pour cr√©er le d√©bat üìñ

üì¢ Attention : il ne s'agit pas de futurs souhaitables, mais de sc√©narios de mise en d√©bat 3/6 https://twitter.com/Etalab/status/1412686871214313474/photo/1",0,1,1,1,fr,Etalab,311880926,1412686864293810178,Twitter Web App,https://mobile.twitter.com,France,,,311880926,Etalab,1,Service du Premier ministre qui met √† disposition et utilise les donn√©es pour am√©liorer l‚Äôaction publique. L‚Äô√©quipe derri√®re @datagouvfr et @eigforever.,http://www.etalab.gouv.fr,https://pbs.twimg.com/profile_images/1067688380111171584/2ZRwOuxE_normal.jpg,4804,32795,207,1743,1249,2011-06-06T06:47:23,1307342843,scraping,1,,,,,,,,,2021-10-01T07:14:27.377525,https://twitter.com/Etalab/statuses/1412686871214313474,,,,,,,https://pbs.twimg.com/media/E5ravAoXwAIxqqF.jpg,1412686871214313474_E5ravAoXwAIxqqF.jpg,photo,,,,,,
from:@etalab,1412686864293810178,1625645769,2021-07-07T08:16:09,Etalab,"Pour d√©couvrir la d√©marche et les m√©thodes de design fiction mises en place, vous pouvez revoir le webinaire de lancement du site. 
(Version sous-titr√©e disponible prochainement)  

https://dai.ly/x82ilcs 2/6 https://twitter.com/Etalab/status/1412686864293810178/photo/1",0,0,1,1,fr,Etalab,311880926,1412686857146712067,Twitter Web App,https://mobile.twitter.com,France,,,311880926,Etalab,1,Service du Premier ministre qui met √† disposition et utilise les donn√©es pour am√©liorer l‚Äôaction publique. L‚Äô√©quipe derri√®re @datagouvfr et @eigforever.,http://www.etalab.gouv.fr,https://pbs.twimg.com/profile_images/1067688380111171584/2ZRwOuxE_normal.jpg,4804,32795,207,1743,1249,2011-06-06T06:47:23,1307342843,scraping,1,,,,,,,,,2021-10-01T07:14:27.378064,https://twitter.com/Etalab/statuses/1412686864293810178,,,,,https://dai.ly/x82ilcs,dai.ly,https://pbs.twimg.com/media/E5reLM8WUAQpvOI.png,1412686864293810178_E5reLM8WUAQpvOI.png,photo,,,,,,
from:@etalab,1412686857146712067,1625645767,2021-07-07T08:16:07,Etalab,"[Fil] http://Nosalgorithmes.fr est sorti ! 
L‚Äôobjectif : faire un pas de c√¥t√© et s‚Äôinterroger sur les enjeux des #algos publics, m√™me ceux qui cr√©ent le plus de friction (¬´¬†quand ne pas faire ?¬†¬ª).
Merci √† @Design_Friction @EstelleHary @Kastien pour cette collaboration 1/6  ‚§µÔ∏è https://twitter.com/Etalab/status/1412686857146712067/photo/1",0,14,18,1,fr,,,,Twitter Web App,https://mobile.twitter.com,France,,,311880926,Etalab,1,Service du Premier ministre qui met √† disposition et utilise les donn√©es pour am√©liorer l‚Äôaction publique. L‚Äô√©quipe derri√®re @datagouvfr et @eigforever.,http://www.etalab.gouv.fr,https://pbs.twimg.com/profile_images/1067688380111171584/2ZRwOuxE_normal.jpg,4804,32795,207,1743,1249,2011-06-06T06:47:23,1307342843,scraping,1,,,,,,,,,2021-10-01T07:14:27.378542,https://twitter.com/Etalab/statuses/1412686857146712067,,,,,http://nosalgorithmes.fr,nosalgorithmes.fr,https://pbs.twimg.com/media/E5rU087WYAQSkX_.jpg,1412686857146712067_E5rU087WYAQSkX_.jpg,photo,design_friction|estellehary|kastien,2853425710|596276539|27659754,algos,,,
from:@etalab,1412418097932349445,1625581690,2021-07-06T14:28:10,Etalab,"¬´ Un d√©fi pour l‚Äôavenir en mati√®re de donn√©es publiques : que les administrations arrivent √† utiliser toute la richesse des donn√©es dont elles disposent. ¬ª Anne Duclos-Grisier de @DILA_officiel

üëâhttp://data.gouv.fr et http://api.gouv.fr sont l√† pour √ßa !
#10ansEtalab https://twitter.com/Etalab/status/1412418097932349445/video/1",0,4,8,0,fr,,,,Twitter Web App,https://mobile.twitter.com,France,,,311880926,Etalab,1,Service du Premier ministre qui met √† disposition et utilise les donn√©es pour am√©liorer l‚Äôaction publique. L‚Äô√©quipe derri√®re @datagouvfr et @eigforever.,http://www.etalab.gouv.fr,https://pbs.twimg.com/profile_images/1067688380111171584/2ZRwOuxE_normal.jpg,4804,32795,207,1743,1249,2011-06-06T06:47:23,1307342843,scraping,1,,,,,,,,,2021-10-01T07:14:27.379018,https://twitter.com/Etalab/statuses/1412418097932349445,,,,,http://api.gouv.fr|http://data.gouv.fr,api.gouv.fr|data.gouv.fr,https://video.twimg.com/ext_tw_video/1412417146869723143/pu/vid/720x720/ZCaihD0v1O_Tz6y-.mp4,1412418097932349445_ZCaihD0v1O_Tz6y-.mp4,video,dila_officiel,260771853,10ansetalab,,,
from:@etalab,1412340274303537158,1625563136,2021-07-06T09:18:56,Etalab,"Un exemple de notre action ? #10ansEtalab

¬´ On a eu une stimulation tr√®s forte de la part d‚ÄôEtalab pour ouvrir nos cartes et nos bases de donn√©es [‚Ä¶] et amener cette information aux citoyens. ¬ª @sorianotech d‚Äô@IGNFrance.
 
üëâA vos r√©utilisations sur http://www.data.gouv.fr/fr/organizations/institut-national-de-l-information-geographique-et-forestiere/ https://twitter.com/Etalab/status/1412340274303537158/video/1",0,8,26,0,fr,,,,Twitter Web App,https://mobile.twitter.com,France,,,311880926,Etalab,1,Service du Premier ministre qui met √† disposition et utilise les donn√©es pour am√©liorer l‚Äôaction publique. L‚Äô√©quipe derri√®re @datagouvfr et @eigforever.,http://www.etalab.gouv.fr,https://pbs.twimg.com/profile_images/1067688380111171584/2ZRwOuxE_normal.jpg,4804,32795,207,1743,1249,2011-06-06T06:47:23,1307342843,scraping,1,,,,,,,,,2021-10-01T07:14:27.379553,https://twitter.com/Etalab/statuses/1412340274303537158,,,,,http://www.data.gouv.fr/fr/organizations/institut-national-de-l-information-geographique-et-forestiere/,data.gouv.fr,https://video.twimg.com/ext_tw_video/1412339622802247683/pu/vid/720x720/wSBjAX2pmuFrCYEw.mp4,1412340274303537158_wSBjAX2pmuFrCYEw.mp4,video,ignfrance|sorianotech,57276576|4159389322,10ansetalab,,,
from:@etalab,1412068153736245252,1625498257,2021-07-05T15:17:37,Etalab,"Vous pr√©f√©rez les sons et lumi√®res ? 

Regardez l‚Äôenregistrement de la table-ronde ¬´ Contribution de la donn√©e √† la transformation num√©rique publique ¬ª #10ansEtalab 
 
üé•https://www.dailymotion.com/video/x7zpv9n

2/2",0,0,6,0,fr,Etalab,311880926,1412068151840346114,Twitter Web App,https://mobile.twitter.com,France,,,311880926,Etalab,1,Service du Premier ministre qui met √† disposition et utilise les donn√©es pour am√©liorer l‚Äôaction publique. L‚Äô√©quipe derri√®re @datagouvfr et @eigforever.,http://www.etalab.gouv.fr,https://pbs.twimg.com/profile_images/1067688380111171584/2ZRwOuxE_normal.jpg,4804,32795,207,1743,1249,2011-06-06T06:47:23,1307342843,scraping,1,,,,,,,,,2021-10-01T07:14:27.379961,https://twitter.com/Etalab/statuses/1412068153736245252,,,,,https://www.dailymotion.com/video/x7zpv9n,dailymotion.com,,,,,,10ansetalab,,,
from:@etalab,1412068151840346114,1625498257,2021-07-05T15:17:37,Etalab,"Comment la #donn√©e contribue √† la transformation num√©rique publique ? #10ansEtalab
 
R√©ponse dans le compte-rendu de notre table-ronde !
Avec @AdeMontchalin, @ebothorel, Anne Duclos-Grisier, @sorianotech, @GuillaumeRozier et @laurelucchesi
 
üëâhttps://www.etalab.gouv.fr/retour-sur-la-table-ronde-la-contribution-de-la-donnee-a-la-transformation-numerique-publique

1/2",0,11,28,1,fr,,,,Twitter Web App,https://mobile.twitter.com,France,,,311880926,Etalab,1,Service du Premier ministre qui met √† disposition et utilise les donn√©es pour am√©liorer l‚Äôaction publique. L‚Äô√©quipe derri√®re @datagouvfr et @eigforever.,http://www.etalab.gouv.fr,https://pbs.twimg.com/profile_images/1067688380111171584/2ZRwOuxE_normal.jpg,4804,32795,207,1743,1249,2011-06-06T06:47:23,1307342843,scraping,1,,,,,,,,,2021-10-01T07:14:27.380361,https://twitter.com/Etalab/statuses/1412068151840346114,,,,,https://www.etalab.gouv.fr/retour-sur-la-table-ronde-la-contribution-de-la-donnee-a-la-transformation-numerique-publique,etalab.gouv.fr,,,,ademontchalin|ebothorel|guillaumerozier|laurelucchesi|sorianotech,800435764966215680|162094209|193579986|71759599|4159389322,10ansetalab|donn√©e,,,
from:@etalab,1410932520615657473,1625227501,2021-07-02T12:05:01,Etalab,"Et le programme Entrepreneurs d'Int√©r√™t G√©n√©ral cherche un(e) charg√©(e) de mission !

L'offre de stage est en ligne : https://www.pass.fonction-publique.gouv.fr/offre/charge-e-de-mission-du-programme-entrepreneurs-dinteret-general-fh",0,3,2,0,fr,Etalab,311880926,1410863822915710979,Twitter Web App,https://mobile.twitter.com,France,,,311880926,Etalab,1,Service du Premier ministre qui met √† disposition et utilise les donn√©es pour am√©liorer l‚Äôaction publique. L‚Äô√©quipe derri√®re @datagouvfr et @eigforever.,http://www.etalab.gouv.fr,https://pbs.twimg.com/profile_images/1067688380111171584/2ZRwOuxE_normal.jpg,4804,32795,207,1743,1249,2011-06-06T06:47:23,1307342843,scraping,1,,,,,,,,,2021-10-01T07:14:27.380805,https://twitter.com/Etalab/statuses/1410932520615657473,,,,,https://www.pass.fonction-publique.gouv.fr/offre/charge-e-de-mission-du-programme-entrepreneurs-dinteret-general-fh,pass.fonction-publique.gouv.fr,,,,,,,,,
